Unique ID	Material	Sub-material	Embodied Carbon per kg (kg CO2e per kg)
52bdfeb3-979f-4fcd-b4eb-6ffbda643c52	AggregateSand	"AggregateSand, General aggregate and sand"	0.0075
c47ba144-190c-4ed7-84c1-423159f8af34	AggregateSand	"AggregateSand, General aggregate and sand"	0.0049
238416cd-fce6-47b5-9c5a-4146d4067406	AggregateSand	"AggregateSand, Land won gravel and sand"	0.0044
64214af1-a2d1-4b7b-acf3-137de42de2b6	AggregateSand	"AggregateSand, Marine sand and aggregate"	0.009
2d8e1110-577f-4b24-9276-6a0b9140036a	AggregateSand	"AggregateSand, Recycled aggregate, no heat treat"	0.0061
0f39187d-ba00-451f-9016-2b0c271a407e	AggregateSand	"AggregateSand, Recycled aggregate, heat treat"	0.1188
a68a6a09-34a9-4dfa-8a42-aea458041948	AggregateSand	"AggregateSand, Expanded clay agg and sand"	0.3932
3cc7b47e-a0e6-44f2-ba7b-00a75117f13d	AggregateSand	"AggregateSand, Expanded foamed glass"	0.2776
1c959c4b-8356-4280-b3e1-5e5bc010781d	AggregateSand	"AggregateSand, General secondary "	0.0633
e918d332-402f-453c-ad0b-e050f7d34d6a	AggregateSand	"AggregateSand, General secondary and recycled"	0.0142
baee69c9-da8e-40d6-91e3-1e21920eac57	aluminium	"Aluminium, General"	6.6687
d43f6bad-166d-44e0-99db-1abcfc092b3b	aluminium	"Aluminium, sheet"	6.5812
859888e6-4f40-4497-a928-6ff7f61f618a	aluminium	"Aluminium, Foil"	7.469
d7c5cddc-8a9f-4850-b67a-0d27faf20d6e	aluminium	Aluminium profile	6.8252
d7c6a540-9c7c-4998-86f9-be4231e70272	aluminium	"Aluminium, Cast"	6.7152
d426cfaf-0b5e-4bd9-8521-8c517cad0d84	Aluminium	"Aluminium, General"	13.0555
7c7cb7bb-2c99-45c1-9faf-b243fe91211d	Aluminium	"Aluminium, sheet"	12.9559
3c7c1e9b-92f4-4eb1-aafc-6d6aadc0c0c8	Aluminium	"Aluminium, Foil"	13.7669
83145d5f-0190-4e79-8268-55261527f1be	Aluminium	Aluminium profile	13.1764
05d90509-833a-4812-80a6-d448a8f6fe37	Aluminium	"Aluminium, Cast"	13.1869
a93ffedc-306b-4f93-896d-c82bd3509326	Aluminium	"Aluminium, General"	5.6516
fd6c2a9c-5670-48ef-aebe-95dc1c4b66ee	Aluminium	"Aluminium, General"	12.4057
d659fa1d-56ed-472d-8614-3112403ee65f	Aluminium	"Aluminium, General"	14.5936
e017361b-9303-4cf3-bc0e-3e6899757314	Aluminium	"Aluminium, General"	10.6245
85b0fc69-c217-4206-a039-a02739e48f06	Aluminium	"Aluminium, General"	10.8098
5aca9f53-a281-469b-9abb-8b1ec958a0a4	Aluminium	"Aluminium, General"	12.7521
0caa909f-ee29-469c-a417-2f6650d75588	Aluminium	"Aluminium, General"	15.8691
77191d2a-abe3-4987-8173-d61bf92990d5	Aluminium	"Aluminium, General"	5.5483
6d8c426f-8a30-49d0-96a2-894330719948	Aluminium	"Aluminium, General"	8.319
04d19365-41d3-45d4-a76b-5285a7236d62	Aluminium	"Aluminium, General"	11.9469
ac6185c5-3cf9-4098-9ea3-b4495c2c4fc9	Aluminium	"Aluminium, General"	5.5839
11315520-7219-4f5e-b547-b6163702f5e5	Asphalt	"Asphalt, General"	50.0911
8ef6b7d8-efee-4e4f-b7c0-47b931af0086	Asphalt	"Asphalt, General"	51.1253
0ac4e0db-0c89-4ddd-b125-6764d5644471	Asphalt	"Asphalt, General"	52.1594
4da2e83d-ada7-400e-8879-d19b54bd05d6	Asphalt	"Asphalt, General"	53.1936
99229e40-4e9c-497e-b6d6-6c165374f159	Asphalt	"Asphalt, General"	54.2277
08563f44-9dcf-4de4-927e-12e141e63362	Asphalt	"Asphalt, General"	55.2619
457f6d07-c809-4faa-959a-c89528831b90	Asphalt	"Asphalt, General"	56.296
df8f8a89-1cea-4293-a9bd-0961b6e563e2	Asphalt	"Asphalt, General"	57.3302
0717fee2-3a6a-4371-8bbd-34f628aabae6	Asphalt	"Asphalt, General"	58.3644
072ffa9d-d0b4-4e8c-b6ab-e70eff7867ad	Asphalt	"Asphalt, for roads"	14.1973
c5acffc1-f327-4120-a87c-323de7b2175c	Asphalt	"Asphalt, for roads"	14.4427
e0119c04-8f2e-4a0e-92d8-962f88476f0a	Asphalt	"Asphalt, for roads"	14.6882
438ba4f4-b169-4bfa-8759-5b55cf8cb672	Asphalt	"Asphalt, for roads"	14.9336
cfa629b7-74fa-4586-9903-6ff1bc4171a9	Asphalt	"Asphalt, for roads"	15.1791
ce09662d-e29c-4582-9353-3eda80df698f	Asphalt	"Asphalt, for roads"	15.4245
52cca6c6-1786-4704-b343-97adc4c454d3	Asphalt	"Asphalt, for roads"	15.67
7c04acf8-f8b0-4a4a-adb0-f8970c7e6917	Asphalt	"Asphalt, for roads"	15.9155
9df596d2-b212-4715-af17-2bd04fe807fa	Asphalt	"Asphalt, for roads"	16.1609
2c1fa10f-84eb-45ff-8175-fd7dac28299c	Cement	"Cement, Average UK"	0.8321
e9440082-ff85-4d0d-9b95-db14725c4898	Cement	"Cement, CEM I"	0.912
3c1c8487-e565-45d4-aded-8a0a37f5fdaf	Cement	"Cement, With GGBS"	0.8028
ea432c2f-ec59-4844-9c5e-a39bab3db639	Cement	"Cement, With GGBS"	0.6716
96ea969b-e10f-4a20-9597-d009a2cd92d1	Cement	"Cement, With pozzzolanic ash"	0.798
c3fdf942-1cea-4af8-ad33-647536bff638	Cement	"Cement, With pozzzolanic ash"	0.6612
7a92e673-b6a0-4055-90ff-a741f4c38d10	Cement	"Cement, With pozzzolanic ash"	0
da722652-b718-4747-92b1-851414ec60a8	Cement	"Cement, With PFA"	0.7979
f93d6c99-6483-43e6-86b8-5c9cf6e29c77	Cement	"Cement, With PFA"	0.661
f167e986-fa9f-42a2-b710-bf0b380296b2	Cement	"Cement, With PFA"	0.7979
6f0484d0-d30d-4f96-aed8-bfdf53cfa820	Cement	"Cement, With PFA"	0.661
2e763d3b-3b8b-4e55-ba04-d1f463007edb	Cement	"Cement, Misc"	0
b1ff468c-bc89-49f9-b96e-485052171f2a	Cement	"Cement, Portland Limestone"	0.7995
926188fd-a472-4fdf-9d10-c3746487fee7	Cement	"Cement, Portland Limestone"	0.6644
d3797745-315a-4bda-89a4-fd2270bb8bb9	Cement	"Cement, Portland Limestone"	0.7995
0764b064-f1e8-4209-a02b-4355d073685e	Cement	"Cement, Portland Limestone"	0.6644
41cafa60-870d-4d40-9916-2acd69aa4c28	Cement	"Cement, Composite"	0.7736
28e8975a-ccf2-4a1f-aef1-4e3dafec75ad	Cement	"Cement, Composite"	0.6663
b090b64e-ec2a-41b6-bb56-2abe183194b0	Cement	"Cement, With GGBS"	0.4748
ff2520b9-3c4e-4aa0-8263-ce87b1ea02ac	Cement	"Cement, With GGBS"	0.278
e474ecc8-00f2-480f-b286-58b4e67e196f	Cement	"Cement, With GGBS"	0.1468
fe6a2d9f-a422-4b9b-876c-5bed1b47ddc3	Cement	"Cement, With pozzzolanic ash"	0.7067
a14d6469-d5d4-40f9-af61-731f78a67d7d	Cement	"Cement, With pozzzolanic ash"	0.5014
a9588ccc-b304-43f0-b272-fe1ebbb6408f	Cement	"Cement, Composite"	0.4887
3aab549a-1ad1-411a-9089-55850b0d3c93	Cement	"Cement, Composite"	0.2836
2e85b74e-c751-4a7a-919d-47b5dae484dd	Cement	"Cement, Mortar"	0.2002
c88de8af-59d0-4d80-88e5-e46ae0948bd4	Cement	"Cement, Mortar"	0.1632
ec97ba61-4a94-43c0-b7e1-b8d98dd67093	Cement	"Cement, Mortar"	0.1382
4f029fb4-e328-4361-884a-a9b687ffc797	Cement	"Cement, Mortar"	0.12
ae1aa263-dd95-4ca4-9587-6c2d217af7ec	Cement	"Cement, Mortar"	0.1693
ffcc35f7-65fc-4892-a224-3ae22f9029b5	Cement	"Cement, Mortar"	0.152
460bb6d3-3527-47a1-9075-deb89a0639c1	Cement	"Cement, Mortar"	0.1333
56fa92b8-deff-4e85-82ad-ca28c5f1d4f5	Cement	"Cement, Mortar"	0.1831
6fc325f3-78d3-4936-a70c-a98ca6415d04	Cement	"Cement, Mortar"	0.1494
77e42bcb-25ab-4d3b-8a77-464b481f6529	Cement	"Cement, Mortar"	0.1266
5ee6e3c8-a21c-4fde-b3c6-c3d0a71d4563	Cement	"Cement, Mortar"	0.1101
0b17ba55-59b2-4189-a8b6-c8ffe5095b16	Cement	"Cement, Mortar"	0.1571
153c6979-cfde-4a1a-a3c8-721414d5de17	Cement	"Cement, Mortar"	0.1425
fa093a52-2c26-44c4-90dd-a6861c1a78f3	Cement	"Cement, Mortar"	0.1267
82d2c0b6-7b77-48f1-996b-80aea00c627b	Cement	"Cement, Admixtures"	1.6662
497718fc-dff8-42d5-aa3b-9557e3149d87	Clay	"Clay, Brick"	0.4537
e489ece4-79e7-42bd-a517-f603097ef5e4	Concrete	"Concrete, General"	246
6a4d70f8-b506-4e75-818f-7b88ded5e0ba	Concrete	"Concrete, GEN 0"	166.9362
1ee25bd1-c5d3-4dde-8980-2587ae5c0383	Concrete	"Concrete, GEN 1"	230.3472
1a33ec10-a2af-40aa-b297-191a07522a92	Concrete	"Concrete, GEN 2"	248.7541
43a98680-edf8-4fd2-8246-58aef5a0cdba	Concrete	"Concrete, GEN 3"	267.0134
375da000-6022-4dc1-95ba-e16d8a9a824b	Concrete	"Concrete, 20/25"	290.2277
acfc738b-2342-4a26-9072-26c731b9ee5e	Concrete	"Concrete, 25/30"	308.5726
db86b3a0-79c1-4054-810d-e7bea1a90e4e	Concrete	"Concrete, 28/35"	326.8441
1c650259-3446-459e-a9f3-cead3deb472e	Concrete	"Concrete, 32/40"	358.7581
637e7b5b-afe1-4790-8593-c3fdafdb2a29	Concrete	"Concrete, 35/45"	386.098
cf187426-4eda-4d0c-b020-fe7e4b0e2558	Concrete	"Concrete, 40/50"	413.4943
e684db6f-f372-4639-9e6a-3f1695ac282b	Concrete	"Concrete, PAV 1"	326.835
44a9e8f1-52d4-474a-902e-987cc2ecd356	Concrete	"Concrete, PAV 2"	358.7679
18e5a998-4f70-4227-af74-c4043943466a	Concrete	"Concrete, GEN 0"	151.4657
3ee2f3fe-3753-48cd-8315-32be6f429c96	Concrete	"Concrete, GEN 1"	303.7434
a1c1e337-e76b-410f-a51d-7af11be41cdc	Concrete	"Concrete, GEN 2"	227.7896
ca5a2c02-24d3-4e6e-968d-95187cd57af9	Concrete	"Concrete, GEN 3"	244.3122
8d3332e8-da53-4c14-a7b1-a0d0c99eb481	Concrete	"Concrete, 20/25"	265.3148
2fdd0eff-7148-465e-8c15-4db3adac065c	Concrete	"Concrete, 25/30"	282.0245
bbc52479-6687-4ae8-8a0b-2349c4772134	Concrete	"Concrete, 28/35"	301.4219
474df7c9-02b9-4296-9a7b-07579a52bf0b	Concrete	"Concrete, 32/40"	332.3991
7ff52de9-197c-41f8-9632-5daa763a06a4	Concrete	"Concrete, 35/45"	355.007
9a5168de-44f4-4767-bd8e-c9cbf7c30d9a	Concrete	"Concrete, 40/50"	379.9505
bd2f5936-8a88-4a3b-ba5f-c796f3ea7a08	Concrete	"Concrete, PAV 1"	300.9284
4d90b39d-0b96-4b96-b04d-732f8c096a5f	Concrete	"Concrete, PAV 2"	332.8736
faa643d9-33ea-464f-9a3c-cf11408858f1	Concrete	"Concrete, GEN 0"	134.138
83a7957b-4ac7-4a82-b7c8-d82059d6c299	Concrete	"Concrete, GEN 1"	340.1827
a7a6de23-53ba-4f62-8ae1-3178d35556dd	Concrete	"Concrete, GEN 2"	202.5427
d295bd1f-01c6-43ef-9883-0f130fd09a79	Concrete	"Concrete, GEN 3"	216.9717
54e274fe-e810-4f2f-a477-d6d75fe2992c	Concrete	"Concrete, 20/25"	235.3278
0924aae5-168c-48b5-aa14-a84d1d10a72b	Concrete	"Concrete, 25/30"	249.9928
857ce8bb-267a-44ca-a880-8fe36fa55db2	Concrete	"Concrete, 28/35"	269.1463
3c7ff702-aae7-400f-bfc0-ffa170f02e10	Concrete	"Concrete, 32/40"	297.8155
420669c7-cd7c-4050-b728-bd58642d5d9c	Concrete	"Concrete, 35/45"	315.89
a1c621f9-5954-4d31-ad0c-5cb08c1aced0	Concrete	"Concrete, 40/50"	337.7519
60089661-c7b4-4e24-b185-96e32d2965aa	Concrete	"Concrete, PAV 1"	268.3396
b7353230-561f-4a93-924d-7fb1362fd93d	Concrete	"Concrete, PAV 2"	298.5906
b40d1968-471b-4749-82a5-df65a6a28c3d	Concrete	"Concrete, GEN 0"	123.9653
71673d5e-c8c7-4b35-a8d2-97940e887b03	Concrete	"Concrete, GEN 1"	167.7042
90a2620f-14c7-4b15-a0ce-dbb21adc47be	Concrete	"Concrete, GEN 2"	180.2577
de5ab00e-f2b8-4656-bfb9-8b22bdaa0edf	Concrete	"Concrete, GEN 3"	192.8328
903dca19-9803-4dbf-8175-c4da9448b3f3	Concrete	"Concrete, 20/25"	208.8748
6ad2fe19-7339-4511-b501-3851e32b3fa2	Concrete	"Concrete, 25/30"	221.4647
8d471cad-9cc1-4c74-bc79-39f14b2d1ecf	Concrete	"Concrete, 28/35"	234.7558
455773f1-d526-4b02-992b-e6e0f9652b49	Concrete	"Concrete, 32/40"	259.2981
9e70bd0b-122a-465b-836f-bc8351d6bf1c	Concrete	"Concrete, 35/45"	274.7589
1a534518-9268-4af3-ba07-03236ac47ba7	Concrete	"Concrete, 40/50"	293.4569
47ae3a22-cf9f-4625-8e40-06d18b567297	Concrete	"Concrete, PAV 1"	234.0637
f6cf5dc0-4bcc-4681-be41-75255e172d64	Concrete	"Concrete, PAV 2"	259.8548
6046818d-f56d-476d-abe6-b852f509e508	Concrete	"Concrete, GEN 0"	130.2744
a3291faf-bf2a-48f5-9613-6c71be608c6e	Concrete	"Concrete, GEN 1"	243.3169
8207d167-0d67-497a-bd0a-6ee66a959482	Concrete	"Concrete, GEN 2"	191.6202
55a81ca7-d0d9-49a6-b947-c6db3f990a5f	Concrete	"Concrete, GEN 3"	205.203
6bd8fc0c-9733-4dcd-91e0-ce5eb528ecf3	Concrete	"Concrete, 20/25"	225.5686
cc08491b-5c0b-4f14-bd28-4b653508322c	Concrete	"Concrete, 25/30"	239.7398
aab6d50d-71aa-440e-bc25-6263dcdd2d1c	Concrete	"Concrete, 28/35"	257.0848
27bd48ca-ac17-4281-8fe1-5da86f4e8fec	Concrete	"Concrete, 32/40"	288.2423
ecd9fa63-8081-40ed-911a-1b15043831b2	Concrete	"Concrete, 35/45"	309.8375
c6efb373-5fbf-4cb2-a327-c6c54844a4c9	Concrete	"Concrete, 40/50"	331.3249
0a20af51-ba0e-405c-a8f0-f178a5cc49cf	Concrete	"Concrete, PAV 1"	257.5958
c49ab074-5cca-4f2c-aacd-158b4b7cbcb0	Concrete	"Concrete, PAV 2"	288.3197
b9657f6b-f3e4-4cda-b6fc-fa0bf890dd75	Concrete	"Concrete, GEN 0"	95.9233
c4b56a54-c9c2-463c-8689-c5f3d4e6aa70	Concrete	"Concrete, GEN 1"	216.635
0028a50d-9c22-44c1-8f3d-bdbbe317ac1d	Concrete	"Concrete, GEN 2"	137.1309
ad457719-83aa-4f7d-9679-ba017648a622	Concrete	"Concrete, GEN 3"	146.2536
53c7cc2c-1f9a-491c-be9d-10fb5e3daee6	Concrete	"Concrete, 20/25"	162.1622
cdce592e-e917-45ca-9c17-d181628f36ab	Concrete	"Concrete, 25/30"	172.006
a663fdfc-88da-43d8-8ccf-ce132c44e5ba	Concrete	"Concrete, 28/35"	186.2267
279dd3b7-a443-404e-9309-6fc5ca27d7f4	Concrete	"Concrete, 32/40"	212.2368
97756df7-6bbb-492f-add2-0434f91099bf	Concrete	"Concrete, 35/45"	227.5855
2a5b6ee9-a9bb-4eb4-91f3-7bbc9bb91e31	Concrete	"Concrete, 40/50"	242.6995
6b27b0e1-4a16-4040-b8c6-5f7ad2da09ee	Concrete	"Concrete, PAV 1"	186.9286
aaa8e9fc-5732-48dc-b757-bd3303fb7392	Concrete	"Concrete, PAV 2"	212.3379
be47c42d-9e0c-4844-9660-c628a0efd57b	Concrete	"Concrete, GEN 0"	80.2515
da45f3a3-b499-443a-b634-693a9c1b5313	Concrete	"Concrete, GEN 1"	103.2008
2e68b7a7-4e1e-41c9-8b89-f3a3a58d8e80	Concrete	"Concrete, GEN 2"	109.9184
39ddcf19-55dd-4502-a4ad-da3e7770fa73	Concrete	"Concrete, GEN 3"	116.8326
9bb4112f-72ec-4837-bd30-ebb1bade9827	Concrete	"Concrete, 20/25"	125.987
9628c01a-8076-4471-8ade-f8b508e7af6a	Concrete	"Concrete, 25/30"	132.8074
98e3a082-2ea4-4c0c-a510-1e7f75fa352e	Concrete	"Concrete, 28/35"	139.6555
f0d4bbac-a2e2-4138-af35-cbd3ae4ae54b	Concrete	"Concrete, 32/40"	151.5613
ffd3cb1a-c594-40c2-8264-a08097147e15	Concrete	"Concrete, 35/45"	161.7652
2f422083-21ff-40b0-9015-7eca0f631328	Concrete	"Concrete, 40/50"	171.8195
0a3149bd-a742-44f0-9eb9-2826bcafb896	Concrete	"Concrete, PAV 1"	139.6555
c879e065-4dad-418f-ba29-a46c9e329cb1	Concrete	"Concrete, PAV 2"	151.5691
79097d74-c103-44fc-9c0d-8fae9c9f6190	Concrete	"Concrete, GEN 0"	145.5997
df9de071-e94b-4f0a-aeba-8cb30e35fda4	Concrete	"Concrete, GEN 1"	365.5115
d76dff34-1b8d-47d9-b28f-7503ea74782e	Concrete	"Concrete, GEN 2"	214.46
2f7020c3-bc73-4ed9-ac39-dba4401c8171	Concrete	"Concrete, GEN 3"	229.9914
ed8855af-f803-4ec9-8b10-79f6e86a0944	Concrete	"Concrete, 20/25"	249.6673
84123788-92f1-4b7d-8eb2-a253649702cf	Concrete	"Concrete, 25/30"	265.9867
78a72548-8c10-4f7f-a45b-f707db4e5b1c	Concrete	"Concrete, 28/35"	281.7237
4d75613b-223d-412e-a856-65e9e42c7125	Concrete	"Concrete, 32/40"	309.2022
02c04bd2-ec19-41b4-ba25-8dc9d2c88317	Concrete	"Concrete, 35/45"	336.6745
f95899c4-7100-4911-9a01-be134fbd14b9	Concrete	"Concrete, 40/50"	366.8878
3e44d908-d9e4-41bb-b7ac-af90361513c8	Concrete	"Concrete, PAV 1"	280.5358
8e540616-05d9-43cb-9170-565efec32bda	Concrete	"Concrete, PAV 2"	310.2906
80537596-7cbd-418f-9bc3-f9a93bad5d0a	Concrete	"Concrete, GEN 0"	131.8983
62b90c3d-a3da-4c99-b7a6-77a5025ce46d	Concrete	"Concrete, GEN 1"	179.3392
18f420d6-3539-48d7-8a24-3faf8de5602e	Concrete	"Concrete, GEN 2"	192.9505
a7166850-bd10-4930-a8bc-239257d83a74	Concrete	"Concrete, GEN 3"	206.5833
40a5bc71-4b3a-4164-a453-abd774e30bbd	Concrete	"Concrete, 20/25"	223.9475
6989a5fc-e7af-41f5-9901-2a4104b9b54a	Concrete	"Concrete, 25/30"	237.5951
524848c1-4b2a-4fa3-8eb7-66b6f9ca3e81	Concrete	"Concrete, 28/35"	252.0015
a8fbd12d-de5b-46df-a109-558358a5c4fe	Concrete	"Concrete, 32/40"	278.6132
e852a69e-6702-4e7a-b81a-e2ab8e8872c4	Concrete	"Concrete, 35/45"	295.3847
ea0bd194-7de9-4b33-82c0-47bd6b4856f2	Concrete	"Concrete, 40/50"	315.6693
4638d551-75be-436e-aebe-82368a67b7d8	Concrete	"Concrete, PAV 1"	251.2518
1516db56-0862-4553-aa97-94d4655fb656	Concrete	"Concrete, PAV 2"	279.2158
3adac904-8931-4cbe-815a-152c427743da	Concrete	"Concrete, GEN 0"	154.7038
5bd940fa-e317-4297-8e34-e8c7d0e44c13	Concrete	"Concrete, GEN 1"	212.5427
9b0e5e7a-c8b5-4756-9e1b-a37b4fe42a5b	Concrete	"Concrete, GEN 2"	229.1556
de20db9c-730a-4b92-ad08-0fb476f5b0d5	Concrete	"Concrete, GEN 3"	245.8723
146cd451-43cf-45d1-818b-8bf1cf9dd41a	Concrete	"Concrete, 20/25"	267.1744
0c8cd7f1-01a1-43f4-a6ee-1533859297db	Concrete	"Concrete, 25/30"	283.8562
598d7cf0-7eb3-418b-9cbb-ae6d9e0e0492	Concrete	"Concrete, 28/35"	300.5609
8c86cd4d-2a12-4d75-a3aa-7e3069d9b0d3	Concrete	"Concrete, 32/40"	329.7128
4fab0a24-4d11-4b62-b542-b57e1a69dba1	Concrete	"Concrete, 35/45"	354.6489
9b997728-8005-4a1f-a738-03663749a7f6	Concrete	"Concrete, 40/50"	379.5128
32417be6-49ab-46ac-bfd1-86a159ef6095	Concrete	"Concrete, PAV 1"	300.5543
0aba7254-f32b-430b-ab51-8f48005535df	Concrete	"Concrete, PAV 2"	329.7225
733bccba-2d55-478b-b43f-e7c5e088bfc3	Concrete	"Concrete, by cementitious content"	123.8614
0fa119c1-76aa-4f74-99f7-01eba7c3c3cd	Concrete	"Concrete, by cementitious content"	142.2966
934a719b-6bb5-42c9-9ea3-a1e7eb6ad16e	Concrete	"Concrete, by cementitious content"	160.7318
1f14662a-37c8-42d4-9a4d-bd169c913b73	Concrete	"Concrete, by cementitious content"	179.1671
b342eab4-5bce-46e3-ba61-ef7520f16b2c	Concrete	"Concrete, by cementitious content"	197.6023
0ad4ab98-be39-407c-963f-671aee6a56f5	Concrete	"Concrete, by cementitious content"	216.0375
d16e0024-72cc-4b13-9e18-6c8491196eb6	Concrete	"Concrete, by cementitious content"	234.4727
bb153132-1d99-4be2-bb41-da18d6c1978e	Concrete	"Concrete, by cementitious content"	252.9079
7c2726b4-fc0c-4eb2-8a47-fa6282944400	Concrete	"Concrete, by cementitious content"	271.5023
b7e9dd67-7ab5-40b5-a7fc-1f6b0e4eda81	Concrete	"Concrete, by cementitious content"	290.1211
78ba7f65-6eb6-4b40-8774-b9ac09de581c	Concrete	"Concrete, by cementitious content"	308.7644
a8186762-7f32-42b7-9128-3bb5e18b507a	Concrete	"Concrete, by cementitious content"	327.4321
63f8c247-bab3-4610-be5a-1242bc101510	Concrete	"Concrete, by cementitious content"	346.1243
67f890e9-b86e-411d-a6f3-b08d46fcc1a3	Concrete	"Concrete, by cementitious content"	364.6208
290988a4-f335-4fa6-924d-1d1984f50a9d	Concrete	"Concrete, by cementitious content"	383.1172
eaeff917-93a4-4b54-a886-1cae91105722	Concrete	"Concrete, by cementitious content"	401.6136
8337ed24-39c3-480d-bd00-fa00709a100f	Concrete	"Concrete, by cementitious content"	420.11
5afdfed0-a010-4e3f-8505-8976a57a2abe	Concrete	"Concrete, by cementitious content"	438.6064
b0c3519e-b432-44a7-a5c9-d3f8ee811ee5	Concrete	"Concrete, by cementitious content"	457.1028
5550899d-a363-4b32-afdf-6d9c06e8afe6	Concrete	"Concrete, by cementitious content"	475.5993
f50d875b-fdcc-4da2-b21d-7baaf1b3cbb2	Concrete	"Concrete, by cementitious content"	494.0957
6c760664-6bd7-4ea4-9606-d3b0564bcf61	Concrete	"Concrete, by cementitious content"	96.349
592f75e4-f6eb-441e-acbc-f5ac623cc671	Concrete	"Concrete, by cementitious content"	109.2817
77524270-dfe0-4bd0-8a54-fce203fd8c77	Concrete	"Concrete, by cementitious content"	122.2145
cfd72f99-dbad-4a0c-bec9-224e2e6409c8	Concrete	"Concrete, by cementitious content"	135.1472
33e328c6-19f7-4e99-a87b-8ead6121994c	Concrete	"Concrete, by cementitious content"	148.08
5a1506fb-898d-4ebd-801f-2925b3e52c6b	Concrete	"Concrete, by cementitious content"	161.0127
ec92b17e-1631-4c22-b179-d1ebcd3aec71	Concrete	"Concrete, by cementitious content"	173.9454
d8959537-552c-4d59-a4ec-2681a9768186	Concrete	"Concrete, by cementitious content"	186.8782
98ce94b9-efc4-4453-9702-43f8fe01e6e2	Concrete	"Concrete, by cementitious content"	199.97
43d4a8ca-3c79-4144-ab64-854574ecf3bd	Concrete	"Concrete, by cementitious content"	213.0864
bc1769cf-57a9-43c6-839a-c11f7c898b43	Concrete	"Concrete, by cementitious content"	226.2272
9cf47a1e-9ffd-487c-a718-7dc2b1a15809	Concrete	"Concrete, by cementitious content"	239.3924
c25f87b8-121b-4203-bf0a-e8bec4d868da	Concrete	"Concrete, by cementitious content"	252.5822
da1929d2-b7e0-4cde-8bf6-422faf025aff	Concrete	"Concrete, by cementitious content"	265.5761
b48680a2-3216-42c0-8c04-b70629254ace	Concrete	"Concrete, by cementitious content"	278.5701
64802f88-1fd9-4ee5-b44f-280e232994a2	Concrete	"Concrete, by cementitious content"	291.564
353435ff-b088-400c-8949-4e598bc56377	Concrete	"Concrete, by cementitious content"	304.5579
90a6bbae-3a0f-4ba9-88dc-8c100b656bac	Concrete	"Concrete, by cementitious content"	317.5519
cc9fb2c2-77c0-41f2-a355-badc9199c6e3	Concrete	"Concrete, by cementitious content"	330.5458
3c58e56a-9699-4fc4-a2b6-ae133d96843e	Concrete	"Concrete, by cementitious content"	343.5397
77b0c7b7-c3be-4a92-85ea-bd42cab6aec7	Concrete	"Concrete, by cementitious content"	356.5337
4e6ac948-2080-49c4-ad8f-0812a0fc32eb	Concrete	"Concrete, by cementitious content"	87.1782
edd87c63-9511-4d0b-ad7d-035980ba271f	Concrete	"Concrete, by cementitious content"	98.2768
de5dce91-5d6e-42ef-b265-69fa2c9472b8	Concrete	"Concrete, by cementitious content"	109.3753
73f42c65-208a-4cb7-b8a1-2ed5e249e2eb	Concrete	"Concrete, by cementitious content"	120.4739
48ce5fcf-7b54-4cb8-9fea-709d12d197dd	Concrete	"Concrete, by cementitious content"	131.5725
3061a6ba-385c-4c0e-b9ba-c47cbe1345eb	Concrete	"Concrete, by cementitious content"	142.6711
0a62ff7d-e138-4395-9504-cb61ce849db7	Concrete	"Concrete, by cementitious content"	153.7697
3ecb644b-2943-4ae0-adeb-8d41ad964fe5	Concrete	"Concrete, by cementitious content"	164.8683
c2edbcaa-9243-4501-8233-c62e5ef2ba39	Concrete	"Concrete, by cementitious content"	176.126
dbf44d30-0a0e-4bd0-909e-6abf0a7e204d	Concrete	"Concrete, by cementitious content"	187.4081
d9575462-187a-4e8c-9d7f-893ca781d4fb	Concrete	"Concrete, by cementitious content"	198.7148
b5b9b5e3-3fb3-4a1d-91ec-1c6e152ae253	Concrete	"Concrete, by cementitious content"	210.0459
9ba74295-121b-4a3f-97d1-9aef61aa1e1a	Concrete	"Concrete, by cementitious content"	221.4015
d6989d34-60bf-4fef-965a-7b425d806e28	Concrete	"Concrete, by cementitious content"	232.5612
a5f32ac3-5cd9-4923-8e93-2e95a64db99e	Concrete	"Concrete, by cementitious content"	243.721
341e799d-8360-40dd-a681-035f4dc16610	Concrete	"Concrete, by cementitious content"	254.8808
f27ec34d-156f-4a0d-91c8-1fead8b910fe	Concrete	"Concrete, by cementitious content"	266.0406
d4443a4c-7cbb-4994-8074-3430e9d3d267	Concrete	"Concrete, by cementitious content"	277.2003
4872dde3-501d-46d2-9918-b3ad0f4ad25f	Concrete	"Concrete, by cementitious content"	288.3601
3e6881ef-b8b7-4bef-8de8-dc2e9f60a304	Concrete	"Concrete, by cementitious content"	299.5199
64bbe3f0-f78c-4af1-b09b-0c2441f9a704	Concrete	"Concrete, by cementitious content"	310.6797
76e2f26c-506b-4adc-99e0-c265872f1a1e	Concrete	"Concrete, by cementitious content"	79.9062
a0ba85ab-8525-4426-91b8-4cc081363f48	Concrete	"Concrete, by cementitious content"	89.5504
42c0a65a-ae6f-4eb7-869f-c0a861d917df	Concrete	"Concrete, by cementitious content"	99.1945
f427587f-b8da-45d1-a395-7f4e4e3ba739	Concrete	"Concrete, by cementitious content"	108.8387
9c5dda30-fdb9-40c1-9eb0-272d53a0d67b	Concrete	"Concrete, by cementitious content"	118.4829
b177dea5-04fc-40bd-8c70-7330a7922569	Concrete	"Concrete, by cementitious content"	128.1271
9ec7a712-0dfd-4cbb-af05-c290e8673c65	Concrete	"Concrete, by cementitious content"	137.7713
2a67e4ef-3fa6-4ef3-a3bc-c86914e0ea3c	Concrete	"Concrete, by cementitious content"	147.4155
b32f2b53-de51-4b27-b1f1-d9f8bb3e1b3d	Concrete	"Concrete, by cementitious content"	157.2188
544083b3-c2fc-4328-913f-8550174d4186	Concrete	"Concrete, by cementitious content"	167.0465
09917c07-894b-4983-9e11-49c0238d0839	Concrete	"Concrete, by cementitious content"	176.8988
0b7b1caf-11ab-4922-8140-4c8ceb0840e3	Concrete	"Concrete, by cementitious content"	186.7755
d9fe3064-7f40-45d7-916c-ad68b8cf03f0	Concrete	"Concrete, by cementitious content"	196.6767
454f604b-4013-4c0b-a882-8db1f0a45685	Concrete	"Concrete, by cementitious content"	206.382
1caadc61-e15c-4b9c-aa1a-edcb78f822f5	Concrete	"Concrete, by cementitious content"	216.0874
bda22464-acfb-499e-919c-b660a4e1a1fd	Concrete	"Concrete, by cementitious content"	225.7928
4fc3f447-7675-4d6f-98d3-c8b9500baa5f	Concrete	"Concrete, by cementitious content"	235.4982
01cb31d6-38a4-4105-9bdc-c099c14b02e2	Concrete	"Concrete, by cementitious content"	245.2035
f3954cee-1cf7-4800-b8c4-355b78005ed0	Concrete	"Concrete, by cementitious content"	254.9089
b93df69d-582f-4373-8288-ffc14eef2901	Concrete	"Concrete, by cementitious content"	264.6143
1ea40a2f-1087-4def-8c55-8ffb4c1d7c96	Concrete	"Concrete, by cementitious content"	274.3197
7b2dfc3b-248c-4e4d-8715-05ce2ff5ae46	Concrete	"Concrete, by cementitious content"	62.3241
a35da145-6d29-4514-b57c-ba865e198ee5	Concrete	"Concrete, by cementitious content"	68.4519
55695f44-dd2a-40ab-9ac0-94232ddaa53f	Concrete	"Concrete, by cementitious content"	74.5796
4f988cdc-2562-4755-b600-e55611a262eb	Concrete	"Concrete, by cementitious content"	80.7074
cdf7885d-7886-414a-a929-329b361c2f94	Concrete	"Concrete, by cementitious content"	86.8352
31a65b8c-0ebe-4e44-bcc0-6934bfb71eff	Concrete	"Concrete, by cementitious content"	92.9629
41e34cb0-9aa2-45a9-a251-73bede889604	Concrete	"Concrete, by cementitious content"	99.0907
6e4d1342-f64e-42fd-a3f5-6668b6898ebf	Concrete	"Concrete, by cementitious content"	105.2185
0efb1cb4-e7ec-4086-a483-ccd4282105e0	Concrete	"Concrete, by cementitious content"	111.5053
62ad3587-3b9d-4b38-96eb-545c26637381	Concrete	"Concrete, by cementitious content"	117.8167
6d31c930-24f0-49ad-8ce8-cce411213ce1	Concrete	"Concrete, by cementitious content"	124.1525
1f5d702d-a049-4dee-b34c-a9a0a86cef24	Concrete	"Concrete, by cementitious content"	130.5128
c8955076-c0ee-4315-9da3-c3cc34f1103d	Concrete	"Concrete, by cementitious content"	136.8976
a7129da3-2664-43f0-a624-37edc4709dff	Concrete	"Concrete, by cementitious content"	143.0865
f20b676c-3440-44b2-ba1d-40e9f9a14915	Concrete	"Concrete, by cementitious content"	149.2755
7fef63f9-c962-4444-8aa2-310e5455ded2	Concrete	"Concrete, by cementitious content"	155.4645
eb9efd16-d157-4181-b9ea-29011ac11ca7	Concrete	"Concrete, by cementitious content"	161.6534
58bee4b6-9e6b-40c6-8dd5-4147693ef1d1	Concrete	"Concrete, by cementitious content"	167.8424
3503ce0c-44ca-4554-a187-7574c4409b3a	Concrete	"Concrete, by cementitious content"	174.0313
a79c1124-a240-44ab-84dd-97972df6330e	Concrete	"Concrete, by cementitious content"	180.2203
826894a9-8181-4c75-b9b1-609159b2b33f	Concrete	"Concrete, by cementitious content"	186.4093
6a7c9c95-56cf-4419-b0a3-8d43b2a2d3d5	Concrete	"Concrete, by cementitious content"	115.7814
94d11f03-62dd-4dce-a583-80acad36178f	Concrete	"Concrete, by cementitious content"	132.6006
36fc25e1-cd73-44d3-83f2-01adf86bb170	Concrete	"Concrete, by cementitious content"	149.4198
7efe1c29-0800-4646-b62c-dc5ec6a80eeb	Concrete	"Concrete, by cementitious content"	166.2391
d2745e03-1992-42e9-b833-95954bb0b236	Concrete	"Concrete, by cementitious content"	183.0583
0e47ed38-44f8-40ab-8379-9221439dc0cd	Concrete	"Concrete, by cementitious content"	199.8775
5ef5ee81-dc9e-44c4-8f6b-2a0b6cb93b3c	Concrete	"Concrete, by cementitious content"	216.6967
8a46bfca-ab29-47d3-b283-7d855745da86	Concrete	"Concrete, by cementitious content"	233.5159
54a179d9-1733-416c-9b33-d5d65f9844dd	Concrete	"Concrete, by cementitious content"	250.4943
872b1903-9b26-401c-84b3-64f8d47c3dd3	Concrete	"Concrete, by cementitious content"	267.4971
d4161b8e-0017-4d87-af20-3ef4e9dcffc1	Concrete	"Concrete, by cementitious content"	284.5244
f6b7de0c-daa7-4100-98e7-fa9424da8dbb	Concrete	"Concrete, by cementitious content"	301.5761
28a878ec-611d-499c-9c46-a6d1989c54bb	Concrete	"Concrete, by cementitious content"	318.6523
7d7d8c53-4638-4fe2-85ea-6112704831b0	Concrete	"Concrete, by cementitious content"	335.5328
db1aefab-414a-4cf3-94c2-91c4120f5793	Concrete	"Concrete, by cementitious content"	352.4132
2528f7ae-3c55-4e93-87b8-e84d1d8e52cf	Concrete	"Concrete, by cementitious content"	369.2936
a9f5f3fb-4290-4a11-a58f-70a0ba3e1b52	Concrete	"Concrete, by cementitious content"	386.174
632f72c6-286c-422f-a02d-16d06bc92ac4	Concrete	"Concrete, by cementitious content"	403.0544
534e6c81-bdbc-44c0-abb6-79c6e06c500e	Concrete	"Concrete, by cementitious content"	419.9348
56e36d1e-7a79-4b21-a963-f5a63a5b3a89	Concrete	"Concrete, by cementitious content"	436.8153
a805c8f1-1b9a-45ac-a728-a579db881d0f	Concrete	"Concrete, by cementitious content"	453.6957
9ad0ca07-c6b9-40ba-86b2-1ad5879066ef	Concrete	"Concrete, by volumetric proportions"	497.0085
55bbfe6a-11bc-4ddb-b647-fb8a598377a7	Concrete	"Concrete, by volumetric proportions"	370.0879
b88d24d0-6029-45a4-a4e7-019463050cfa	Concrete	"Concrete, by volumetric proportions"	297.4156
038c52dd-18a8-44d4-8dbe-de88bd02ddbb	Concrete	"Concrete, by volumetric proportions"	250.3356
2a6a9b17-a843-4df2-88e7-11f46a8ddfca	Concrete	"Concrete, by volumetric proportions"	219.1888
9afa4a96-eadd-492d-b0c8-b70a81d5b47a	Concrete	"Concrete, by volumetric proportions"	176.457
2a342238-7b4e-4674-93e8-d8f390c2c387	Concrete	"Concrete, by volumetric proportions"	456.3809
1893f635-56e1-481d-8bf0-ba0ebf361d96	Concrete	"Concrete, by volumetric proportions"	340.5027
22aea6bd-dd34-40d4-923a-5d282b9eda48	Concrete	"Concrete, by volumetric proportions"	274.1531
95b5de75-484a-4fef-a8e3-9af67c5a9eed	Concrete	"Concrete, by volumetric proportions"	231.1691
ddcfa068-63c6-4360-9672-a2a09eede5a8	Concrete	"Concrete, by volumetric proportions"	202.7526
38819e67-d8b7-418e-86ce-50afd4665fab	Concrete	"Concrete, by volumetric proportions"	163.7497
df104943-1dd9-4cfb-b2f3-bf2b1f613352	Concrete	"Concrete, Pre-Cast"	0.1485
03eaf0ef-1e1f-4ef6-93d3-2ddd3b78a7ec	Concrete	"Concrete, Pre-Cast"	72.4621
96cb026c-a356-4064-b22d-9c2ccd45d204	Concrete	"Concrete, Pre-Cast"	0.1311
e4fe2761-b607-4514-9358-a02851f529e4	Concrete	"Concrete, Pre-Cast"	0.0917
5c37fbcb-ea00-4119-bed2-9ae0cbe42e06	Concrete	"Concrete, Pre-Cast"	0.0917
a32f220f-44b8-4a53-919f-bdb830cdb8ac	Concrete	"Concrete, Pre-Cast"	0.247
1207f80c-2e8c-47ba-905a-e8630376c7b6	Concrete	"Concrete, Pre-Cast"	54.8537
dbb46a85-a0ef-4ab2-b830-82e554488410	Concrete	"Concrete, Pre-Cast"	0.28
fffa2f55-81e2-494b-997a-7235072aae69	Concrete	"Concrete, block wall"	1.5893
6e111bfb-2567-468b-88e2-895f0386fc6b	Concrete	"Concrete, block wall"	2.225
bd78f952-5c11-47c1-9ef4-74740cfdfd4b	Concrete	"Concrete, block wall"	2.3839
7cde6577-45c5-4d03-8510-d5110eb70200	Concrete	"Concrete, block wall"	3.417
5141b7f5-eb16-457a-9708-2433cc436b4a	Concrete	"Concrete, block wall"	10.8796
96e9af4b-42c9-46a8-a756-f15a2099a84a	Concrete	"Concrete, block wall"	12.5973
22f8873f-1240-46a5-8379-2e3f79101b6a	Concrete	"Concrete, block wall"	14.9339
8f221ed3-5e0c-4f5c-a038-280c3a74409b	Concrete	"Concrete, block wall"	20.8892
103cf5bf-54d2-4eaa-bf6e-605f160e8a9f	Concrete	"Concrete, block wall"	26.7979
f45fec8f-f26b-4bd0-954b-2954a8589aa4	Concrete	"Concrete, block wall"	14.8209
fa834191-07a2-427d-9e3b-f7fe6939cd7b	Concrete	"Concrete, block wall"	17.8218
37da3732-82a2-4e71-8e6d-3842e99103f0	Concrete	"Concrete, block wall"	19.5168
10ea0ce4-ee88-42f2-9666-0f64d0d2a243	Concrete	"Concrete, block wall"	27.5802
f7b46100-f48a-4167-ba6c-d256d2a8baca	Concrete	"Concrete, block wall"	37.2928
b4ce8742-9e2b-468f-9749-78a4b913bd05	Concrete	"Concrete, block wall"	42.0345
692b6668-2304-48bc-bb20-f1269f5add7f	Concrete	"Concrete, block wall"	15.8505
2e1cebbb-3d44-415f-a303-c758a943cf47	Concrete	"Concrete, block wall"	22.7223
87b272c4-ec12-4ec9-9c20-7f9179e03bbe	Concrete	"Concrete, block wall"	21.1641
de0baf12-09bf-4f83-bd4f-9d9f4a95ff7d	Concrete	"Concrete, block wall"	25.8813
f4d27041-43a2-4765-a106-438ed3140d4b	Concrete	"Concrete, block wall"	28.7441
ed389f01-5e1c-4518-8f10-950c0d9a1543	Concrete	"Concrete, block wall"	18.1779
fd6ec79e-5124-4da4-81fd-c79f890bdfd3	Concrete	"Concrete, block wall"	25.449
65770646-045c-49ac-b663-e90390a73a15	Concrete	"Concrete, block wall"	27.2668
ef6ab2df-83e5-45be-bcbd-f62852da551d	Concrete	"Concrete, block wall"	39.0825
e6fcdd9b-2365-487d-a17c-b3e1b74175b8	Concrete	"Concrete, Pre-Cast"	0.1939
59e009a9-b8a9-430d-8e4d-376c270362c5	Concrete	"Concrete, Pre-Cast"	51.3261
759ba3f5-8e73-40b8-9e12-5a7a26d2a572	Glass	"Glass, General"	3.5924
3b191c04-f8d2-4313-bf3f-3c705e6d341c	glass	"Glass, General"	10.7773
8af7a8de-48ae-4185-913e-c631a4fd2d46	glass	"Glass, General"	14.3697
5ba4c578-48c4-42ba-892b-cceda1c601ed	glass	"Glass, General"	17.9621
edd4da91-3e88-43b9-a271-40f849f7d921	glass	"Glass, General"	21.5545
c78f9af8-1c50-435c-8853-9b5d073aa2cc	glass	"Glass, General"	25.1469
be42eb31-1fbf-4b06-8baf-b85168feba7d	glass	"Glass, General"	28.7393
ac639324-1492-4707-9483-f2a68586cb09	glass	"Glass, General"	35.9242
75a26ff4-8d05-4653-81e8-02cc7621e093	glass	"Glass, General"	43.109
191509b3-0476-4086-bf8c-669988a594e7	glass	"Glass, Glazing, Double"	4.064
4badda00-77cd-4451-a035-e43380a16cc0	glass	"Glass, Glazing, Double"	32.512
f4dc32ac-3a85-4181-9553-58d5fac12c84	glass	"Glass, Glazing, Double"	40.64
47650475-2b37-473a-ba76-12457d4fb817	glass	"Glass, Glazing, Double"	48.768
e318f8df-e995-4bd6-8e17-2b3c523bbfa8	glass	"Glass, Glazing, Double"	56.896
1498ba7b-66f4-487e-98ab-cc080fc308b2	glass	"Glass, Glazing, Double"	65.024
3209708a-a323-4352-89c4-2d349de646e6	glass	"Glass, Glazing, Double"	81.28
d2ef8e5e-ccda-4f6d-bf1e-66ab4c2c5845	glass	"Glass, Glazing triple"	4.3675
dd8bf0a5-424b-4b6c-a787-e9da59b33802	glass	"Glass, Glazing triple"	52.4097
44c11073-49fe-4dd2-a1ed-547579d3e003	glass	"Glass, Glazing triple"	65.5122
b22818b7-0186-4054-97fb-850e62924e9c	glass	"Glass, Glazing triple"	78.6146
66907ea0-30dc-43e8-9003-59c4a9d0b1bc	glass	"Glass, Glazing triple"	87.3495
8e7ce657-4494-403d-a7f2-a6fd1e4a5f2a	glass	"Glass, Glazing triple"	104.8195
b9b93ac6-392e-4119-9b53-5400f4fc1934	glass	"Glass, Multi layer safety, filled core, fire resistant, toughened"	5.2045
c7817997-9879-4218-99ad-a5a2e9282a46	glass	"Glass, Multi layer safety, filled core, fire resistant, toughened"	52.0448
d0ad3c71-1468-4942-8f01-ed21c20126ae	glass	"Glass, Multi layer safety, filled core, fire resistant, toughened"	62.4537
2e8878e1-1377-4fc6-8e73-afc11a79f327	glass	"Glass, Multi layer safety, filled core, fire resistant, toughened"	72.8627
bcc80ed7-0582-4546-b58f-398011955879	glass	"Glass, Multi layer safety, unfilled"	83.2716
af564eae-74be-46fd-88c3-ef69120b3e1c	glass	"Glass, Multi layer safety, unfilled"	3.8888
2fa5bd1c-d99a-46af-a7f7-3cb06bdfa821	glass	"Glass, Multi layer safety, unfilled"	31.1103
db7962e1-3d45-4acc-b4b2-795fc6e49407	glass	"Glass, Multi layer safety, unfilled"	38.8879
5423fbe0-fc73-4093-b7d0-389f07daafd8	glass	"Glass, Multi layer safety, unfilled"	46.6655
4b75538a-4515-4a5a-aed1-4b3da4588b78	glass	"Glass, Toughened"	62.2206
cb6f90c3-f348-4d85-8f74-a5b0a5e72743	glass	"Glass, Toughened"	4.1681
85c6b8b0-fb0f-4c81-b797-1ca78d96a1d6	glass	"Glass, Toughened"	8.3361
877045e2-d204-439c-b6ca-88b223914abe	glass	"Glass, Toughened"	12.5042
43e83b93-50fd-4394-a247-362e2d7f57b0	glass	"Glass, Toughened"	16.6723
b5a820e2-060f-4a12-9a63-b465a30c7a5d	glass	"Glass, Toughened"	20.8404
0d261764-b1c2-494f-affb-4751ad884e85	glass	"Glass, Toughened"	25.0084
69fbea76-aa07-4cfd-9099-2d503ae502fc	glass	"Glass, Toughened"	33.3446
b7644946-e96b-426a-b2a8-f8f95b6d8dd5	glass	"Glass, Toughened"	41.6807
94098dff-fad7-4380-921a-006a28f7316a	glass	"Glass, Toughened"	50.0169
8cd88954-947b-4b7f-813a-ff2edda54039	glass	"Glass, sky light or roof, with frame"	62.5211
48d3263f-c8c7-4cb0-a6fd-a0f260546663	glass	"Glass, sky light or roof, with frame"	268
2e7ea6bd-df37-43ad-9062-2b8847c41de3	glass	"Glass, General"	1.437
973d41f7-a912-4352-8cd5-e1c9c640e68a	Glass	"Glass, Glazing, Double"	1.6256
91acbd6c-621c-441e-81a0-259a11df1829	Glass	"Glass, Glazing triple"	1.747
6dd32533-4802-40a7-844e-b5af00751b5b	Glass	"Glass, Toughened"	1.6672
d54ddc62-96d2-4dc1-83d2-5619c7c1f8af	Glass	"Glass, Multi layer safety, filled core, fire resistant, toughened"	2.0818
fe923f18-7def-4598-8dc1-c8907e55e0f7	Glass	"Glass, Multi layer safety, unfilled"	1.5555
06b06b38-b5d7-4d45-b5ab-c53a4caa026d	Glass	"Glass, sky light or roof, with frame"	3.1019
2332f463-c8c4-4dad-b84f-83878528b1e9	Steel	"Steel, pipe"	3.02
00fe4ce0-e348-411d-aa9e-a7219bc6f337	Steel	"Steel, Sheet"	2.89
ff148879-5a7d-4a6c-861e-de623bbef2d7	Steel	"Steel, Sheet galvanised"	3.03
97ec0d4a-674e-4f90-bde8-933f953e5289	Steel	"Steel, pipe"	2.78
e290682a-8d5b-4c46-acee-665b1ac7b393	Steel	"Steel, Sheet"	3.06
fa718df1-717d-4125-adce-6c9360d948a5	Steel	"Steel, plate"	2.85
2f3e6b06-88a8-487d-b8ee-df5e913ba45d	Steel	"Steel, Sheet"	2.73
96893a53-5849-493e-9de9-2248f3b510b4	Steel	"Steel, Sheet galvanised"	2.76
066e8bba-7cca-409e-a40c-32896173d18c	Steel	"Steel, plate"	2.46
474c02b9-eaab-401e-a6ac-67addefba723	Steel	"Steel, Sheet"	2.53
d0b31bc8-1e39-42cd-9bef-8257934e7824	Steel	"Steel, Sheet"	2.42
ecfbd162-d938-4199-bf83-b4839bc103ec	Steel	"Steel, wire"	2.27
43b7258b-a013-43a9-be29-28a1fce95fbf	Steel	"Steel, Sheet"	2.28
2a7b19f3-07ab-4223-a57d-449c22532341	Steel	"Steel, Bar and Rod"	1.99
6db285f8-2ce3-4414-93b0-4bbd893bef76	Steel	"Steel, Section"	1.55
6354b69c-8ff3-4acd-9f1d-da0e07742dd9	Steel	"Steel, engineering"	1.27
49ed1ca7-35e7-449c-ad42-3044c97f6bce	Steel	"Steel, pipe"	1.065
0f0c28e0-5e47-466e-9bb2-a5b9fd7cd2db	Steel	"Steel, Bar and Rod"	0.73
8aa6883b-aa36-49b3-88b9-94b597a45d23	Timber	"Timber, General"	0.4928
0fbf9c89-d7b9-4b91-ad88-cacf5f9b1405	Timber	"Timber, Chipboard"	0.4002
e4595aca-7c16-473f-8d24-6344c7c3cdaa	Timber	"Timber, Closed panel timber frame system"	0.4525
53dd4d1a-e80d-4052-9123-642085fdf1bb	Timber	"Timber, CLT"	0.4373
9a24950a-4a1a-4828-a4b7-a61b6485200d	Timber	"Timber, Fibreboard"	0.7153
67004c6c-6cf2-4268-a648-0e6935eeaa13	Timber	"Timber, Glulam"	0.5121
824784d1-3886-4ff2-a8c8-ba4e4af1d2ab	Timber	"Timber, Hardboard"	0.8152
7802f5a6-38d2-439c-867a-06015666d8eb	Timber	"Timber, Hardwood"	0.3056
41bac419-5aae-4797-865d-f5365714a8f6	Timber	"Timber, Laminate"	0.6978
7b7a5626-248e-473f-a79e-995d56497286	Timber	"Timber, Laminated strand lumber"	0.5041
47dbb908-45d8-4f42-93fa-6f2ce5025d47	Timber	"Timber, Laminated veneer lumber"	0.3898
268a36e3-fe7d-4312-81a4-5f0ffd963c8c	Timber	"Timber, MDF"	0.8565
330fabd5-3588-4c84-9442-f49955e9dd58	Timber	"Timber, Open panel timber frame system"	0.3452
93033e40-dbe1-4344-9f3e-3c503fdb5261	Timber	"Timber, OSB"	0.4551
8ff88c7a-24ad-40eb-bf5a-34a7b87a3c13	Timber	"Timber, Parquet"	0.8112
d15e4393-a81d-4a0f-a0ea-a44fac022a3e	Timber	"Timber, Particle Board"	0.6643
5fc4b57f-48b1-4979-a321-5030acecb091	Timber	"Timber, Plywood"	0.6815
afe3c61e-a2cc-45fe-9f10-5fadf4afe7ad	Timber	"Timber, Softwood"	0.2626
029045dc-409e-414a-8c17-10f33df56acd	Timber	"Timber, Wood I-Beam"	0.4833
9f307dc8-2e7d-45b9-8631-62a5fe5cadd7	Timber	"Timber, Wood-plastic composite"	1.44
d595a55d-4af2-48b9-873e-0a9ceba0e452	Timber	"Timber, General"	-1.0309
483c27b3-5d1f-4ddc-a60e-41e574c9930c	Timber	"Timber, Chipboard"	-1.1207
4699961b-161d-48f8-a510-c8159b16e4e6	Timber	"Timber, Closed panel timber frame system"	-1.1016
18a0ee24-1439-470b-b5b8-dd0c1d2fa6b0	Timber	"Timber, CLT"	-1.2041
97ea485b-2715-4f20-9740-f92473875b45	Timber	"Timber, Fibreboard"	-0.8632
5169ef38-8983-4081-81a9-67718bbff035	Timber	"Timber, Glulam"	-0.8957
3e4d88c2-22d9-4c5a-add3-a662ba836036	Timber	"Timber, Hardboard"	-0.824
d3684610-e258-4426-a5c2-e8e142ac0130	Timber	"Timber, Hardwood"	-1.286
5bddda4c-ea46-4bea-862f-2ff7ea6632dd	Timber	"Timber, Laminate"	-0.5804
562d915b-93e7-4538-98b3-22c45041b17b	Timber	"Timber, Laminated strand lumber"	-1.0841
2cde6aba-a4be-485e-9406-a10570b86e00	Timber	"Timber, Laminated veneer lumber"	-1.2466
5f9fbf7e-3afe-4508-b1c3-4f4f8f1ecdeb	Timber	"Timber, MDF"	-0.6437
260b601f-dae9-40e4-9224-8cdbc7a6f12a	Timber	"Timber, Open panel timber frame system"	-1.269
251f02b9-c7cb-40af-9a9a-e6bd700277b7	Timber	"Timber, OSB"	-1.0473
6eb1facb-2390-43ac-a418-f78d3f3e57df	Timber	"Timber, Parquet"	-0.813
6cecc9f8-ee3c-463b-84e1-7ddfd1ff9350	Timber	"Timber, Particle Board"	-0.815
af10b61e-65e9-477e-a8ac-1ed0291d5058	Timber	"Timber, Plywood"	-0.9331
94bbaccb-a57a-4de5-b4b7-dcecca73675c	Timber	"Timber, Softwood"	-1.2919
3d842507-a29d-4b6c-8f93-35726b579419	Timber	"Timber, Wood I-Beam"	-1.0499
c343a86d-f929-4ddb-b296-341cefb53e39	Timber	"Timber, Wood-plastic composite"	0.58
